ModelFile;PositionX;PositionY;PositionZ;RotationX;RotationY;RotationZ;RotationW;ScaleFactor;ModelId;Type;FileDataID;DoodadSetIndexes;DoodadSetNames
..\..\world\kalimdor\feralas\passivedoodads\tree\feralastree02.m2;18537.84375;-257.9630432128906;24704.125;0;307.5;0;;1.439453125;298988;m2;201936;0;
..\..\world\kalimdor\feralas\passivedoodads\tree\feralastree04.m2;18053.27734375;-269.71295166015625;25045.28515625;0;325.0666809082031;0;;1.162109375;304686;m2;201938;0;
..\..\world\kalimdor\feralas\passivedoodads\tree\feralastree02.m2;18058.630859375;-272.3297424316406;24532.61328125;0;119.79904174804688;0;;1.16015625;304741;m2;201936;0;
..\..\world\kalimdor\feralas\passivedoodads\tree\feralastree02.m2;18858.408203125;-272.2221984863281;24846.03125;0;229.5;0;;1;298979;m2;201936;0;
..\..\world\kalimdor\feralas\passivedoodads\tree\feralastree02.m2;18270.771484375;-275.1913146972656;25008.95703125;0;144.1312255859375;0;;0.9853515625;304684;m2;201936;0;
..\..\world\kalimdor\feralas\passivedoodads\tree\feralastree02.m2;18736.5;-269.6358947753906;24948.759765625;0;256.5;0;;1.109375;298987;m2;201936;0;
..\..\world\kalimdor\feralas\passivedoodads\tree\feralastree04.m2;18088.908203125;-262.3343811035156;24683.42578125;0;192.18450927734375;0;;1.0810546875;304705;m2;201938;0;
..\..\world\kalimdor\feralas\passivedoodads\tree\feralastree02.m2;18630.56640625;-264.2529602050781;24880.3515625;0;338;0;;1;298986;m2;201936;0;
..\..\world\kalimdor\feralas\passivedoodads\tree\feralastree04.m2;18269.693359375;-262.3351135253906;24506.97265625;0;251.5;0;;1;304679;m2;201938;0;
..\..\world\kalimdor\feralas\passivedoodads\tree\feralastree04.m2;18169.61328125;-263.67205810546875;24455.33984375;0;316.82989501953125;0;;0.86328125;304691;m2;201938;0;
..\..\world\kalimdor\feralas\passivedoodads\tree\feralastree02.m2;18635.0078125;-267.24169921875;24498.208984375;0;83.5;0;;1;298991;m2;201936;0;
..\..\world\kalimdor\feralas\passivedoodads\tree\feralastree04.m2;18349.5;-262.186767578125;24836.984375;0;294.44464111328125;0;;0.8330078125;304683;m2;201938;0;
..\..\world\kalimdor\feralas\passivedoodads\tree\feralastree04.m2;18488.669921875;-267.5720520019531;25001.390625;0;0;0;;1;299101;m2;201938;0;
..\..\world\kalimdor\feralas\passivedoodads\tree\feralastree02.m2;18311.56640625;-261.38970947265625;24674.521484375;0;122.60015869140625;0;;0.7626953125;304685;m2;201936;0;
..\..\world\kalimdor\feralas\passivedoodads\tree\feralastree04.m2;18743.349609375;-272.2063293457031;24706.8359375;0;335.5;0;;0.759765625;298985;m2;201938;0;
..\..\world\kalimdor\feralas\passivedoodads\tree\feralastree02.m2;18141.044921875;-264.4853210449219;24854.25;0;81.51318359375;0;;0.83984375;304706;m2;201936;0;
..\..\world\kalimdor\feralas\passivedoodads\tree\feralastree03.m2;18181.892578125;-270.9442138671875;25109.890625;0;195.6505126953125;0;;1.17578125;304704;m2;201937;0;
..\..\world\kalimdor\feralas\passivedoodads\tree\feralastree02.m2;18457.43359375;-264.2550354003906;24533.068359375;0;350;0;;0.7490234375;298993;m2;201936;0;
..\..\world\kalimdor\feralas\passivedoodads\tree\feralastree03.m2;18404.65234375;-272.22222900390625;24721.359375;0;0;0;;1;304678;m2;201937;0;
..\..\world\kalimdor\feralas\passivedoodads\tree\feralastree03.m2;18371.009765625;-272.1747131347656;25088.9375;0;103.966796875;0;;0.958984375;304687;m2;201937;0;
..\..\world\kalimdor\feralas\passivedoodads\tree\feralastree03.m2;18545.3671875;-272.9642639160156;25098.9765625;0;0;0;;0.8896484375;299104;m2;201937;0;
..\..\world\kalimdor\feralas\passivedoodads\tree\feralastree03.m2;18416.8359375;-273.9819641113281;24476.296875;0;21.171295166015625;0.9999998807907104;;0.7998046875;304672;m2;201937;0;
..\..\world\kalimdor\feralas\passivedoodads\tree\feralastree01.m2;18642.5;-271.88824462890625;25088.359375;0;243.4095001220703;0;;1.0595703125;304690;m2;201935;0;
..\..\world\kalimdor\feralas\passivedoodads\tree\feralastree05.m2;18659.11328125;-262.07275390625;24921.19140625;0;0;0;;1;298980;m2;201940;0;
..\..\world\kalimdor\feralas\passivedoodads\tree\feralastree05.m2;18625.767578125;-275.2308349609375;24546.22265625;0;0;0;;1;300521;m2;201940;0;
..\..\world\kalimdor\feralas\passivedoodads\tree\feralastreeroots04.m2;18551.220703125;-268.0932922363281;24749.73828125;0;168;0;;1;299013;m2;201946;0;
..\..\world\kalimdor\feralas\passivedoodads\tree\feralastree01.m2;18695.759765625;-271.7613525390625;24836.052734375;0;0;0;;1;298982;m2;201935;0;
..\..\world\kalimdor\feralas\passivedoodads\tree\feralastree01.m2;18603.876953125;-269.0423278808594;24662.31640625;0;0;0;;1;299107;m2;201935;0;
..\..\world\kalimdor\feralas\passivedoodads\tree\feralastreeroots04.m2;18607.705078125;-267.4886779785156;24498.919921875;0;61.5;0;;0.759765625;299018;m2;201946;0;
..\..\world\kalimdor\feralas\passivedoodads\tree\feralastree05.m2;18527.138671875;-268.1623229980469;24774.498046875;0;138.5;-0.5;;0.7890625;299103;m2;201940;0;
..\..\world\kalimdor\feralas\passivedoodads\tree\feralastreeroots04.m2;18154.6015625;-261.1664123535156;24878.6640625;0;179.831298828125;0;;0.6552734375;310982;m2;201946;0;
..\..\world\kalimdor\silithidhive\passivedoodads\spikes\silithidspike_01.m2;18551.892578125;-264.28265380859375;24880.09765625;0;27;0;;1.3193359375;404694;m2;202393;0;
..\..\world\kalimdor\silithidhive\passivedoodads\spikes\silithidspike_01.m2;18320.939453125;-267.6087341308594;24981.853515625;0;27;0;;1.3193359375;404702;m2;202393;0;
..\..\world\kalimdor\silithidhive\passivedoodads\spikes\silithidspike_01.m2;18415.64453125;-273.22222900390625;24844.259765625;0;27;0;;1.3193359375;404704;m2;202393;0;
..\..\world\kalimdor\silithidhive\passivedoodads\spikes\silithidspike_01.m2;18556.20703125;-269.6031188964844;25014.50390625;0;344;0;;1.3193359375;404707;m2;202393;0;
..\..\world\kalimdor\silithidhive\passivedoodads\spikes\silithidspike_01.m2;18253.4140625;-265.7855529785156;24914.55859375;0;344;0;;1.3193359375;404710;m2;202393;0;
..\..\world\kalimdor\feralas\passivedoodads\tree\feralastreeroots01.m2;18428.232421875;-267.46630859375;24547.169921875;2.9999988079071045;107.5;-0.5000002980232239;;1;299019;m2;201942;0;
..\..\world\kalimdor\feralas\passivedoodads\tree\feralastreeroots01.m2;18263.044921875;-264.3634338378906;24541.498046875;0;167.5;0;;1;304701;m2;201942;0;
..\..\world\kalimdor\feralas\passivedoodads\tree\feralastreeroots01.m2;18636.095703125;-268.5240173339844;24857.490234375;0;332.5;0;;1;299014;m2;201942;0;
..\..\world\kalimdor\silithidhive\passivedoodads\spikes\silithidspike_01.m2;18427.541015625;-263.999755859375;25016.7421875;-0.5;0;70.50000762939453;;1;314010;m2;202393;0;
..\..\world\kalimdor\feralas\passivedoodads\tree\feralastreeroots02.m2;18551.791015625;-266.0537414550781;24660.28125;28.499998092651367;355.5;3;;1;299020;m2;201944;0;
..\..\world\kalimdor\silithidhive\passivedoodads\spikes\silithidspike_01.m2;18356.0625;-272.77239990234375;24983.12109375;1.999999761581421;313.5;5;;1;314008;m2;202393;0;
..\..\world\kalimdor\silithidhive\passivedoodads\spikes\silithidspike_01.m2;18545.955078125;-264.6578063964844;24881.16015625;0;136.5;0;;1;404693;m2;202393;0;
..\..\world\kalimdor\silithidhive\passivedoodads\spikes\silithidspike_01.m2;18315.001953125;-266.64324951171875;24982.916015625;0;136.5;0;;1;404701;m2;202393;0;
..\..\world\kalimdor\silithidhive\passivedoodads\spikes\silithidspike_01.m2;18409.705078125;-272.1781311035156;24845.322265625;0;136.5;0;;1;404706;m2;202393;0;
..\..\world\kalimdor\silithidhive\passivedoodads\spikes\silithidspike_01.m2;18551.138671875;-268.7421875;25011.232421875;0;93.49996948242188;0;;1;404709;m2;202393;0;
..\..\world\kalimdor\silithidhive\passivedoodads\spikes\silithidspike_01.m2;18248.345703125;-264.12249755859375;24911.28515625;0;93.49996948242188;0;;1;404712;m2;202393;0;
..\..\world\kalimdor\feralas\passivedoodads\tree\feralastreeroots01.m2;18481.943359375;-265.0532531738281;24542.3828125;0;241.06228637695312;0;;0.8134765625;304676;m2;201942;0;
..\..\world\kalimdor\feralas\passivedoodads\tree\feralastreeroots01.m2;18321.6875;-262.6905212402344;24826.138671875;0;59.46343994140625;0;;0.806640625;304703;m2;201942;0;
..\..\world\azeroth\stranglethorn\passivedoodads\detail\stranglethornplant04.m2;18631.923828125;-255.7069854736328;24518.61328125;6.999999046325684;259.4522705078125;-29.500003814697266;;0.9423828125;304674;m2;190239;0;
..\..\world\kalimdor\silithidhive\passivedoodads\spikes\silithidspike_01.m2;18314.84765625;-268.2616271972656;24914.583984375;-3.999999523162842;195.49998474121094;9.999999046325684;;0.83984375;404700;m2;202393;0;
..\..\world\kalimdor\feralas\passivedoodads\tree\feralastreeroots02.m2;18599.876953125;-260.8326416015625;24888.873046875;-2.999997854232788;93.5;22.999998092651367;;1;299012;m2;201944;0;
..\..\world\kalimdor\feralas\passivedoodads\tree\feralastreeroots02.m2;18629.294921875;-272.38958740234375;24857.64453125;-1.0000005960464478;350;21.500001907348633;;1;299009;m2;201944;0;
..\..\world\kalimdor\silithidhive\passivedoodads\spikes\silithidspike_01.m2;18449.712890625;-271.2372131347656;24918.728515625;11.500000953674316;311.5;6.000000476837158;;0.8095703125;404695;m2;202393;0;
..\..\world\kalimdor\silithidhive\passivedoodads\spikes\silithidspike_02.m2;18444.484375;-272.1388854980469;24915.22265625;0;155;0;;1.2197265625;404697;m2;202394;0;
..\..\world\kalimdor\silithidhive\passivedoodads\spikes\silithidspike_01.m2;18350.45703125;-272.01318359375;24981.880859375;2;197;5;;0.7392578125;314009;m2;202393;0;
..\..\world\kalimdor\silithidhive\passivedoodads\spikes\silithidspike_02.m2;18353.44140625;-271.3528137207031;24977.19140625;0.49999988079071045;96;7;;1;314007;m2;202394;0;
..\..\world\azeroth\stranglethorn\passivedoodads\trees\stranglethorntree02\stranglethorntree02.m2;18342.837890625;-267.1953125;24699.18359375;-2.000000238418579;301;3.0000009536743164;;1.314453125;284720;m2;190319;0;
..\..\world\kalimdor\silithidhive\passivedoodads\spikes\silithidspike_02.m2;18550.02734375;-264.28753662109375;24888.09375;0;297;0;;1;404692;m2;202394;0;
..\..\world\kalimdor\silithidhive\passivedoodads\spikes\silithidspike_02.m2;18321.01953125;-268.8716735839844;24914.66796875;0;0;0;;1;404698;m2;202394;0;
..\..\world\kalimdor\silithidhive\passivedoodads\spikes\silithidspike_02.m2;18319.076171875;-267.5021057128906;24989.849609375;0;297;0;;1;404703;m2;202394;0;
..\..\world\kalimdor\silithidhive\passivedoodads\spikes\silithidspike_02.m2;18413.78125;-272.3819885253906;24852.2578125;0;297;0;;1;404705;m2;202394;0;
..\..\world\kalimdor\silithidhive\passivedoodads\spikes\silithidspike_02.m2;18549.388671875;-271.0080871582031;25019.08203125;0;253.99998474121094;0;;1;404708;m2;202394;0;
..\..\world\kalimdor\silithidhive\passivedoodads\spikes\silithidspike_02.m2;18246.595703125;-265.7163391113281;24919.134765625;0;253.99998474121094;0;;1;404711;m2;202394;0;
..\..\world\azeroth\stranglethorn\passivedoodads\trees\stranglethorntree02\stranglethorntree02.m2;18373.724609375;-268.24420166015625;24824.6171875;0;314;0;;1.244140625;284732;m2;190319;0;
..\..\world\azeroth\stranglethorn\passivedoodads\trees\stranglethorntree02\stranglethorntree02.m2;18390.283203125;-272.22222900390625;24720.5;0;201;0;;1.2890625;284717;m2;190319;0;
..\..\world\azeroth\stranglethorn\passivedoodads\trees\stranglethorntree02\stranglethorntree02.m2;18410.83203125;-273.35711669921875;25064.888671875;0;11;0;;1.26953125;284801;m2;190319;0;
..\..\world\azeroth\stranglethorn\passivedoodads\trees\stranglethorntree02\stranglethorntree02.m2;18389.62890625;-270.7926940917969;24588.853515625;0;116;0;;1.244140625;284691;m2;190319;0;
..\..\world\azeroth\stranglethorn\passivedoodads\trees\stranglethorntree02\stranglethorntree02.m2;18329.533203125;-262.9700622558594;24816.91015625;0;294.5;0;;1.244140625;284714;m2;190319;0;
..\..\world\azeroth\stranglethorn\passivedoodads\trees\stranglethorntree02\stranglethorntree02.m2;18511.419921875;-266.2313537597656;24750.56640625;0;332;0;;1.224609375;284736;m2;190319;0;
..\..\world\azeroth\stranglethorn\passivedoodads\trees\stranglethorntree02\stranglethorntree02.m2;18322.494140625;-271.3277893066406;25008.55078125;0;165;0;;1.2099609375;284771;m2;190319;0;
..\..\world\kalimdor\silithidhive\passivedoodads\spikes\silithidspike_02.m2;18450.763671875;-271.59442138671875;24913.90625;0;41;0;;0.8798828125;404696;m2;202394;0;
..\..\world\azeroth\stranglethorn\passivedoodads\trees\stranglethorntree02\stranglethorntree02.m2;18514.265625;-267.97479248046875;24775.349609375;0;229;0;;1.1591796875;284738;m2;190319;0;
..\..\world\kalimdor\silithidhive\passivedoodads\spikes\silithidspike_01.m2;18317.56640625;-268.3460998535156;24910.96875;0;70;0;;0.599609375;404699;m2;202393;0;
..\..\world\azeroth\stranglethorn\passivedoodads\trees\stranglethorntree02\stranglethorntree02.m2;18395;-270.3841552734375;24587;0;146;0;;1.1640625;284671;m2;190319;0;
..\..\world\azeroth\stranglethorn\passivedoodads\trees\stranglethorntree02\stranglethorntree02.m2;18448.111328125;-267.34051513671875;24564.52734375;0;71;0;;1.1845703125;284661;m2;190319;0;
..\..\world\azeroth\stranglethorn\passivedoodads\trees\stranglethorntree02\stranglethorntree02.m2;18303.861328125;-272.47735595703125;24595.888671875;0;85;0;;1.1748046875;284669;m2;190319;0;
..\..\world\azeroth\stranglethorn\passivedoodads\trees\stranglethorntree02\stranglethorntree02.m2;18355.732421875;-276.9394836425781;25043.576171875;-1;0;-11;;1;310707;m2;190319;0;
..\..\world\azeroth\stranglethorn\passivedoodads\trees\stranglethorntree02\stranglethorntree02.m2;18656.259765625;-264.70001220703125;24895.365234375;0;63.61376953125;1.5;;1.11328125;311484;m2;190319;0;
..\..\world\azeroth\stranglethorn\passivedoodads\trees\stranglethorntree02\stranglethorntree02.m2;18346.947265625;-268.0992736816406;24704.197265625;0;168;0;;1.134765625;284705;m2;190319;0;
..\..\world\azeroth\stranglethorn\passivedoodads\trees\stranglethorntree02\stranglethorntree02.m2;18389.4609375;-271.6019592285156;24813.26171875;0;38;0;;1.0791015625;284725;m2;190319;0;
..\..\world\azeroth\stranglethorn\passivedoodads\trees\stranglethorntree02\stranglethorntree02.m2;18489.443359375;-269.4918518066406;24955.75;0;45;0;;1.0693359375;284777;m2;190319;0;
..\..\world\azeroth\stranglethorn\passivedoodads\trees\stranglethorntree02\stranglethorntree02.m2;18145.703125;-268.9161682128906;24827.8671875;-2.5;311.1093444824219;2;;1.0029296875;328861;m2;190319;0;
..\..\world\azeroth\stranglethorn\passivedoodads\trees\stranglethorntree02\stranglethorntree02.m2;18665.16796875;-268.9208068847656;24876.78125;4.499999523162842;142.914306640625;-6.499999523162842;;0.9404296875;311489;m2;190319;0;
..\..\world\azeroth\stranglethorn\passivedoodads\detail\stranglethornfern05.m2;18272.720703125;-268.2052001953125;24639.3046875;0;322;0;;1.2890625;284686;m2;190232;0;
..\..\world\azeroth\stranglethorn\passivedoodads\detail\stranglethornfern05.m2;18504.58203125;-266.73797607421875;24922.166015625;0;57;0;;1.2841796875;284767;m2;190232;0;
..\..\world\azeroth\stranglethorn\passivedoodads\detail\stranglethornfern05.m2;18291;-263.1651306152344;24639.77734375;0;149;0;;1.259765625;284685;m2;190232;0;
..\..\world\azeroth\stranglethorn\passivedoodads\trees\stranglethorntree02\stranglethorntree02.m2;18141.205078125;-268.2615966796875;24828.33984375;4.5;271.1618347167969;-1.5;;0.955078125;328862;m2;190319;0;
..\..\world\azeroth\stranglethorn\passivedoodads\trees\stranglethorntree02\stranglethorntree02.m2;18347.98046875;-270.1518859863281;24626.744140625;0;174;0;;1.0146484375;284670;m2;190319;0;
..\..\world\azeroth\stranglethorn\passivedoodads\trees\stranglethorntree02\stranglethorntree02.m2;18415.8984375;-279.0606994628906;24969.931640625;-6.999999046325684;78.18109130859375;7.500000476837158;;0.86328125;310711;m2;190319;0;
..\..\world\azeroth\stranglethorn\passivedoodads\detail\stranglethornfern05.m2;18463.888671875;-269.7235107421875;24774.63671875;0;312;0;;1.2041015625;284726;m2;190232;0;
..\..\world\azeroth\stranglethorn\passivedoodads\detail\stranglethornfern05.m2;18386.640625;-281.94866943359375;24972;25.5;351.81494140625;-42.5;;1.1943359375;310713;m2;190232;0;
..\..\world\azeroth\stranglethorn\passivedoodads\trees\stranglethorntree02\stranglethorntree02.m2;18347.267578125;-265.3383483886719;24802.16015625;0;197;0;;1;284731;m2;190319;0;
..\..\world\azeroth\stranglethorn\passivedoodads\trees\stranglethorntree02\stranglethorntree02.m2;18587.583984375;-271.0426330566406;24776.3046875;0;0;0;;1;300516;m2;190319;0;
..\..\world\azeroth\stranglethorn\passivedoodads\trees\stranglethorntree02\stranglethorntree02.m2;18328.826171875;-273.0289306640625;25013.275390625;0;70;0;;0.96484375;284747;m2;190319;0;
..\..\world\azeroth\stranglethorn\passivedoodads\detail\stranglethornfern05.m2;18290;-268.8673400878906;24945.77734375;0;293;0;;1.234375;284768;m2;190232;0;
..\..\world\azeroth\stranglethorn\passivedoodads\detail\stranglethornfern05.m2;18314.0546875;-267.5016174316406;24543.25;0;230.99998474121094;0;;1.1494140625;284654;m2;190232;0;
..\..\world\azeroth\stranglethorn\passivedoodads\detail\stranglethornfern05.m2;18382.166015625;-272.2115478515625;24716.23046875;0;124;0;;1.1591796875;284706;m2;190232;0;
..\..\world\azeroth\stranglethorn\passivedoodads\detail\stranglethornfern05.m2;18392.31640625;-271.91424560546875;24741.779296875;0;32;0;;1.1640625;284724;m2;190232;0;
..\..\world\azeroth\stranglethorn\passivedoodads\detail\stranglethornfern05.m2;18227.865234375;-268.8132019042969;24643.765625;13.999999046325684;14.51336669921875;-11.000001907348633;;1.1962890625;310968;m2;190232;0;
..\..\world\azeroth\stranglethorn\passivedoodads\detail\stranglethornfern05.m2;18385.796875;-272.17291259765625;24728.4375;0;320;0;;1.125;284712;m2;190232;0;
..\..\world\azeroth\stranglethorn\passivedoodads\detail\stranglethornfern05.m2;18434.138671875;-272.093994140625;24652.5546875;0;153;0;;1.1591796875;284693;m2;190232;0;
..\..\world\azeroth\stranglethorn\passivedoodads\trees\stranglethorntree02\stranglethorntree02.m2;18464.861328125;-271.9032287597656;24821.666015625;0;18;0;;0.9248046875;284735;m2;190319;0;
..\..\world\azeroth\stranglethorn\passivedoodads\detail\stranglethornfern05.m2;18391.166015625;-272.1325378417969;24732.1953125;0;223;0;;1.0947265625;284713;m2;190232;0;
..\..\world\azeroth\stranglethorn\passivedoodads\detail\stranglethornfern05.m2;18389.884765625;-272.22222900390625;24712.8046875;0;258;0;;1.279296875;284707;m2;190232;0;
..\..\world\azeroth\stranglethorn\passivedoodads\detail\stranglethornfern05.m2;18445.638671875;-268.4759216308594;24572.58203125;0;141;0;;1.08984375;284674;m2;190232;0;
..\..\world\azeroth\stranglethorn\passivedoodads\trees\stranglethorntree02\stranglethorntree02.m2;18294;-268.99212646484375;24819.72265625;0;349;0;;0.8994140625;284730;m2;190319;0;
..\..\world\azeroth\stranglethorn\passivedoodads\detail\stranglethornfern05.m2;18662.361328125;-266.18896484375;24889.3359375;0;197.7279510498047;0;;1.1845703125;311487;m2;190232;0;
..\..\world\azeroth\stranglethorn\passivedoodads\detail\stranglethornfern05.m2;18361.126953125;-280.9762268066406;25041.162109375;6;191.97604370117188;9.500000953674316;;1.1826171875;310721;m2;190232;0;
..\..\world\azeroth\stranglethorn\passivedoodads\detail\stranglethornfern05.m2;18393.169921875;-271.0401916503906;24593.859375;0;31;0;;1.0546875;284682;m2;190232;0;
..\..\world\azeroth\stranglethorn\passivedoodads\detail\stranglethornfern05.m2;18481.18359375;-269.830078125;24950.046875;0;318;0;;1.01953125;284765;m2;190232;0;
..\..\world\azeroth\stranglethorn\passivedoodads\detail\stranglethornfern05.m2;18536.33203125;-269.80364990234375;24558.166015625;0;137;0;;1.009765625;284665;m2;190232;0;
..\..\world\azeroth\stranglethorn\passivedoodads\detail\stranglethornfern05.m2;18325.24609375;-270.3580627441406;25003.01953125;0;190;0;;1.1943359375;284763;m2;190232;0;
..\..\world\azeroth\stranglethorn\passivedoodads\detail\stranglethornfern05.m2;18448.25;-271.0497131347656;24671.138671875;0;347;0;;1.1298828125;284701;m2;190232;0;
..\..\world\azeroth\stranglethorn\passivedoodads\trees\stranglethorntree02\stranglethorntree02.m2;18361.7734375;-266.26385498046875;24861.953125;0;97;0;;0.8046875;284762;m2;190319;0;
..\..\world\azeroth\stranglethorn\passivedoodads\detail\stranglethornfern05.m2;18291.099609375;-269.9643249511719;24974.75;0;63;0;;1.0048828125;284769;m2;190232;0;
..\..\world\azeroth\stranglethorn\passivedoodads\detail\stranglethornfern05.m2;18581.943359375;-268.8241882324219;24999.33203125;0;38;0;;0.9599609375;284787;m2;190232;0;
..\..\world\azeroth\stranglethorn\passivedoodads\detail\stranglethornfern05.m2;18302.5546875;-268.8731994628906;24779.6640625;0;238;0;;0.9599609375;284721;m2;190232;0;
..\..\world\azeroth\stranglethorn\passivedoodads\trees\stranglethorntree02\stranglethorntree02.m2;18658.30078125;-265.96807861328125;24888.4921875;0;41.68438720703125;0;;0.7529296875;311488;m2;190319;0;
..\..\world\azeroth\stranglethorn\passivedoodads\detail\stranglethornfern05.m2;18273.720703125;-268.140380859375;24573.109375;0;325;0;;0.94921875;284668;m2;190232;0;
..\..\world\azeroth\stranglethorn\passivedoodads\detail\stranglethornfern05.m2;18445.8046875;-265.97515869140625;24526.193359375;0;255;0;;1.044921875;284576;m2;190232;0;
..\..\world\azeroth\stranglethorn\passivedoodads\detail\stranglethornfern05.m2;18317.443359375;-271.526611328125;25010.509765625;0;195.5;0;;1.0341796875;284772;m2;190232;0;
..\..\world\azeroth\stranglethorn\passivedoodads\detail\stranglethornfern05.m2;18472.77734375;-270.237060546875;24771.44140625;0;162;0;;1.009765625;284728;m2;190232;0;
..\..\world\azeroth\stranglethorn\passivedoodads\detail\stranglethornfern05.m2;18419.666015625;-273.5157775878906;25002.640625;6;355.9898681640625;17;;1.041015625;310708;m2;190232;0;
..\..\world\azeroth\stranglethorn\passivedoodads\detail\stranglethornfern05.m2;18493.693359375;-263.809326171875;24685.166015625;0;18;0;;0.9794921875;284703;m2;190232;0;
..\..\world\azeroth\stranglethorn\passivedoodads\detail\stranglethornfern05.m2;18478.75;-265.45355224609375;24551.8046875;0;263;0;;1.08984375;284662;m2;190232;0;
..\..\world\azeroth\stranglethorn\passivedoodads\detail\stranglethornfern05.m2;18323.33203125;-263.5799865722656;24871.72265625;0;330;0;;0.8994140625;284751;m2;190232;0;
..\..\world\azeroth\stranglethorn\passivedoodads\detail\stranglethornfern05.m2;18322.666015625;-270.3225402832031;25054.916015625;0;110;0;;0.94921875;284799;m2;190232;0;
..\..\world\azeroth\stranglethorn\passivedoodads\detail\stranglethornfern05.m2;18359.447265625;-278.12078857421875;25000.20703125;12;330.23712158203125;-22.500001907348633;;0.8232421875;310709;m2;190232;0;
..\..\world\azeroth\stranglethorn\passivedoodads\detail\stranglethornfern05.m2;18368.720703125;-268.03594970703125;24862.52734375;0;275;0;;1.08984375;284744;m2;190232;0;
..\..\world\azeroth\stranglethorn\passivedoodads\detail\stranglethornfern05.m2;18363.001953125;-267.6618347167969;24869.27734375;0;217;0;;0.8544921875;284761;m2;190232;0;
..\..\world\azeroth\stranglethorn\passivedoodads\detail\stranglethornfern05.m2;18422.173828125;-273.82452392578125;24973.935546875;-18.000001907348633;128.60986328125;-15.000001907348633;;0.7822265625;310710;m2;190232;0;
..\..\world\azeroth\stranglethorn\passivedoodads\detail\stranglethornfern05.m2;18671.486328125;-271.0016174316406;25069.66015625;0;8;0;;1.0146484375;284924;m2;190232;0;
..\..\world\azeroth\stranglethorn\passivedoodads\detail\stranglethornfern05.m2;18472.126953125;-270.1467590332031;24954.732421875;0;126;0;;0.8193359375;284774;m2;190232;0;
..\..\world\azeroth\stranglethorn\passivedoodads\detail\stranglethornfern05.m2;18201.376953125;-270.5612487792969;24628.33984375;-4;40.04638671875;3.500000238418579;;0.775390625;310966;m2;190232;0;
..\..\world\azeroth\stranglethorn\passivedoodads\detail\stranglethornfern05.m2;18301.33203125;-262.4855651855469;24653.859375;0;166;0;;0.869140625;284688;m2;190232;0;
..\..\world\azeroth\stranglethorn\passivedoodads\detail\stranglethornfern05.m2;18143.1484375;-268.8837585449219;24821.47265625;0;346.6072692871094;0;;0.865234375;328863;m2;190232;0;
..\..\world\azeroth\stranglethorn\passivedoodads\detail\stranglethornfern05.m2;18446.658203125;-272.5302429199219;24992.80859375;0;267;0;;0.9443359375;284773;m2;190232;0;
..\..\world\azeroth\stranglethorn\passivedoodads\detail\stranglethornfern05.m2;18665.7734375;-269.3447570800781;24873.33203125;0;58.263275146484375;0;;0.7255859375;311490;m2;190232;0;
..\..\world\azeroth\stranglethorn\passivedoodads\detail\stranglethornfern05.m2;18485.5;-267.5445861816406;24576.609375;0;91;0;;0.9599609375;284676;m2;190232;0;
..\..\world\azeroth\stranglethorn\passivedoodads\detail\stranglethornfern05.m2;18387.685546875;-277.0102844238281;25061.1875;0;173.2156982421875;0;;0.8662109375;310720;m2;190232;0;
..\..\world\azeroth\stranglethorn\passivedoodads\detail\stranglethornfern05.m2;18204.8203125;-270.58038330078125;24623.19140625;0;70.36956787109375;0;;0.7001953125;310967;m2;190232;0;
..\..\world\azeroth\stranglethorn\passivedoodads\detail\stranglethornfern03.m2;18328.888671875;-270.1005859375;24558.52734375;0;324;0;;1.2890625;284655;m2;190230;0;
..\..\world\azeroth\stranglethorn\passivedoodads\detail\stranglethornfern03.m2;18303.138671875;-267.342041015625;24917.33203125;0;30;0;;1.2744140625;284759;m2;190230;0;
..\..\world\azeroth\stranglethorn\passivedoodads\detail\stranglethornfern03.m2;18395.416015625;-272.22222900390625;24678.5;0;62;0;;1.2548828125;284699;m2;190230;0;
..\..\world\azeroth\stranglethorn\passivedoodads\detail\stranglethornfern03.m2;18375.52734375;-268.93017578125;24855.97265625;0;140;0;;1.2099609375;284743;m2;190230;0;
..\..\world\azeroth\stranglethorn\passivedoodads\detail\stranglethornfern03.m2;18532.138671875;-271.5111389160156;24594.443359375;0;244.00003051757812;0;;1.2548828125;284677;m2;190230;0;
..\..\world\azeroth\stranglethorn\passivedoodads\detail\stranglethornfern03.m2;18510.416015625;-272.7398681640625;25013.443359375;0;133;0;;1.19921875;284796;m2;190230;0;
..\..\world\azeroth\stranglethorn\passivedoodads\detail\stranglethornfern03.m2;18491.111328125;-271.55548095703125;24801.77734375;0;337;0;;1.244140625;284737;m2;190230;0;
..\..\world\azeroth\stranglethorn\passivedoodads\detail\stranglethornfern03.m2;18374.0546875;-272.0836181640625;24662.666015625;0;201;0;;1.259765625;284690;m2;190230;0;
..\..\world\kalimdor\feralas\passivedoodads\fern\feralasferns01.m2;18651.7734375;-263.8249816894531;24896.0234375;0;326.01922607421875;0;;1.0390625;311485;m2;201930;0;
..\..\world\kalimdor\feralas\passivedoodads\fern\feralasferns01.m2;18374.6484375;-275.7724304199219;24974.89453125;1.5000001192092896;332.3575439453125;-7.000000476837158;;0.9931640625;310714;m2;201930;0;
..\..\world\azeroth\stranglethorn\passivedoodads\detail\stranglethornfern03.m2;18442.666015625;-265.81549072265625;24543.638671875;0;78;0;;1.259765625;284660;m2;190230;0;
..\..\world\azeroth\stranglethorn\passivedoodads\detail\stranglethornfern03.m2;18509.236328125;-272.60528564453125;25026.40625;0;50;0;;1.0791015625;284804;m2;190230;0;
..\..\world\azeroth\stranglethorn\passivedoodads\detail\stranglethornfern03.m2;18427.75;-271.61474609375;25057.72265625;0;9;0;;1.2744140625;284802;m2;190230;0;
..\..\world\azeroth\stranglethorn\passivedoodads\detail\stranglethornfern03.m2;18531.77734375;-269.167724609375;24561.666015625;0;255;0;;1.1943359375;284663;m2;190230;0;
..\..\world\azeroth\stranglethorn\passivedoodads\detail\stranglethornfern03.m2;18454.787109375;-270.0833740234375;24985.35546875;-0.999999463558197;54;13.499999046325684;;1.0498046875;284775;m2;190230;0;
..\..\world\azeroth\stranglethorn\passivedoodads\detail\stranglethornfern03.m2;18425.470703125;-270.8911437988281;24748.025390625;0;311;0;;1.044921875;284716;m2;190230;0;
..\..\world\azeroth\stranglethorn\passivedoodads\detail\stranglethornfern03.m2;18402.443359375;-272.0087890625;24838.52734375;0;171;0;;1.234375;284746;m2;190230;0;
..\..\world\azeroth\stranglethorn\passivedoodads\detail\stranglethornfern03.m2;18378.52734375;-270.06097412109375;24762.775390625;0;161;0;;1.08984375;284715;m2;190230;0;
..\..\world\azeroth\stranglethorn\passivedoodads\detail\stranglethornfern03.m2;18477.52734375;-265.5641784667969;24670.193359375;0;205.99998474121094;0;;1.0341796875;284702;m2;190230;0;
..\..\world\azeroth\stranglethorn\passivedoodads\detail\stranglethornfern03.m2;18461.638671875;-270.8961486816406;24807.609375;0;105;0;;1.099609375;284734;m2;190230;0;
..\..\world\azeroth\stranglethorn\passivedoodads\detail\stranglethornfern03.m2;18491.916015625;-270.9467468261719;25042.138671875;0;100;0;;1.1494140625;284806;m2;190230;0;
..\..\world\azeroth\stranglethorn\passivedoodads\detail\stranglethornfern03.m2;18511.33203125;-272.00457763671875;25023.5546875;0;158;0;;1.0390625;284795;m2;190230;0;
..\..\world\azeroth\stranglethorn\passivedoodads\detail\stranglethornfern03.m2;18379;-271.4566345214844;24576.5546875;0;122;0;;0.9892578125;284672;m2;190230;0;
..\..\world\azeroth\stranglethorn\passivedoodads\detail\stranglethornfern03.m2;18451.5;-271.47186279296875;24903.72265625;0;94;0;;1.2294921875;284764;m2;190230;0;
..\..\world\azeroth\stranglethorn\passivedoodads\detail\stranglethornfern03.m2;18380.095703125;-275.5721740722656;24964.75;0;286;0;;1.0791015625;284783;m2;190230;0;
..\..\world\kalimdor\feralas\passivedoodads\fern\feralasferns01.m2;18391.552734375;-290.2650146484375;24978.30078125;0;129.44488525390625;0;;0.87890625;310712;m2;201930;0;
..\..\world\azeroth\stranglethorn\passivedoodads\detail\stranglethornfern03.m2;18377.759765625;-275.41729736328125;24968.201171875;-2;180;13.500000953674316;;1.2294921875;284782;m2;190230;0;
..\..\world\azeroth\stranglethorn\passivedoodads\detail\stranglethornfern03.m2;18482.666015625;-271.1614990234375;24628.109375;0;270;0;;1.259765625;284684;m2;190230;0;
..\..\world\azeroth\stranglethorn\passivedoodads\detail\stranglethornfern03.m2;18447.77734375;-269.78314208984375;24773.13671875;0;167;0;;1.064453125;284727;m2;190230;0;
..\..\world\azeroth\stranglethorn\passivedoodads\detail\stranglethornfern03.m2;18335.08203125;-266.4561767578125;24888.0546875;0;53;0;;0.919921875;284752;m2;190230;0;
..\..\world\azeroth\stranglethorn\passivedoodads\detail\stranglethornfern03.m2;18345.166015625;-273.4491271972656;24996.77734375;0;227;0;;0.9140625;284781;m2;190230;0;
..\..\world\azeroth\stranglethorn\passivedoodads\detail\stranglethornfern03.m2;18417.388671875;-271.7329406738281;24611.193359375;0;300;0;;0.9296875;284683;m2;190230;0;
..\..\world\azeroth\stranglethorn\passivedoodads\detail\stranglethornfern03.m2;18318.111328125;-262.7176513671875;24642.0546875;0;358;0;;1.1796875;284687;m2;190230;0;
..\..\world\azeroth\stranglethorn\passivedoodads\detail\stranglethornfern03.m2;18559.611328125;-274.19573974609375;25045.138671875;0;6;0;;1.1142578125;284808;m2;190230;0;
..\..\world\azeroth\stranglethorn\passivedoodads\detail\stranglethornfern03.m2;18393.916015625;-272.1510925292969;24801.638671875;0;134;0;;0.904296875;284733;m2;190230;0;
..\..\world\kalimdor\feralas\passivedoodads\fern\feralasferns01.m2;18410.259765625;-275.9961242675781;25044.60546875;0;280.093994140625;0;;0.9306640625;310717;m2;201930;0;
..\..\world\azeroth\stranglethorn\passivedoodads\detail\stranglethornfern03.m2;18620.220703125;-271.6815490722656;24584.47265625;0;294;0;;0.919921875;284679;m2;190230;0;
..\..\world\azeroth\stranglethorn\passivedoodads\detail\stranglethornfern03.m2;18549.888671875;-270.2406311035156;24573.75;0;166;0;;0.974609375;284678;m2;190230;0;
..\..\world\kalimdor\feralas\passivedoodads\fern\feralasferns01.m2;18372.287109375;-275.2597961425781;24976.25;0;68.2161865234375;0;;0.8291015625;310715;m2;201930;0;
..\..\world\azeroth\stranglethorn\passivedoodads\detail\stranglethornfern03.m2;18508.611328125;-259.1034240722656;24675.08203125;0;89;0;;1.125;284704;m2;190230;0;
..\..\world\kalimdor\feralas\passivedoodads\fern\feralasferns01.m2;18659.84375;-264.4633483886719;24896.05078125;0;200.97998046875;0;;0.8212890625;311486;m2;201930;0;
..\..\world\azeroth\stranglethorn\passivedoodads\detail\stranglethornfern03.m2;18276.970703125;-264.21270751953125;24896.8046875;0;291;0;;0.904296875;284750;m2;190230;0;
..\..\world\kalimdor\feralas\passivedoodads\fern\feralasferns01.m2;18409.05078125;-275.8492736816406;25045.990234375;0;165.7406005859375;0;;0.853515625;310719;m2;201930;0;
..\..\world\azeroth\stranglethorn\passivedoodads\detail\stranglethornfern03.m2;18562.8046875;-267.5699462890625;25003.443359375;0;278.0000305175781;0;;1.009765625;284797;m2;190230;0;
..\..\world\azeroth\stranglethorn\passivedoodads\detail\stranglethornfern03.m2;18528.666015625;-262.5203857421875;24649.83203125;0;4;0;;1.0595703125;284695;m2;190230;0;
..\..\world\azeroth\stranglethorn\passivedoodads\detail\stranglethornfern03.m2;18289.52734375;-267.015380859375;24928.47265625;0;242.99996948242188;0;;0.859375;284757;m2;190230;0;
..\..\world\azeroth\stranglethorn\passivedoodads\detail\stranglethornfern03.m2;18577.720703125;-269.8589782714844;24976.08203125;0;105;0;;0.9248046875;284788;m2;190230;0;
..\..\world\azeroth\stranglethorn\passivedoodads\detail\stranglethornfern03.m2;18506.888671875;-269.75177001953125;24785.6640625;0;339;0;;0.8798828125;284729;m2;190230;0;
..\..\world\kalimdor\feralas\passivedoodads\fern\feralasferns01.m2;18416.517578125;-275.72039794921875;25023.484375;0;301.89154052734375;0;;0.75390625;310718;m2;201930;0;
..\..\world\azeroth\stranglethorn\passivedoodads\detail\stranglethornfern03.m2;18348.888671875;-270.8955993652344;24903.83203125;0;168;0;;0.919921875;284760;m2;190230;0;
..\..\world\azeroth\stranglethorn\passivedoodads\detail\stranglethornfern03.m2;18475.611328125;-268.9417419433594;24590.8046875;0;358;0;;1.01953125;284675;m2;190230;0;
..\..\world\azeroth\stranglethorn\passivedoodads\detail\stranglethornfern03.m2;18436.443359375;-271.5599060058594;25020.693359375;0;335;0;;0.8193359375;284793;m2;190230;0;
..\..\world\azeroth\stranglethorn\passivedoodads\detail\stranglethornfern03.m2;18434.111328125;-271.1975402832031;25063.888671875;0;105;0;;0.875;284803;m2;190230;0;
..\..\world\kalimdor\feralas\passivedoodads\fern\feralasferns01.m2;18376.591796875;-275.01898193359375;24964.484375;0;282.8516540527344;0;;0.7763671875;310716;m2;201930;0;
..\..\world\azeroth\stranglethorn\passivedoodads\detail\stranglethornfern03.m2;18449.08203125;-273.5567932128906;25030.359375;0;110;0;;0.8046875;284792;m2;190230;0;
..\..\world\azeroth\stranglethorn\passivedoodads\detail\stranglethornfern03.m2;18404.193359375;-272.0663146972656;24851.3046875;0;14;0;;0.8349609375;284745;m2;190230;0;
..\..\world\azeroth\stranglethorn\passivedoodads\detail\stranglethornfern03.m2;18631.02734375;-273.3950500488281;24561.166015625;0;349;0;;0.8447265625;284667;m2;190230;0;
..\..\world\azeroth\stranglethorn\passivedoodads\detail\stranglethornfern03.m2;18321.52734375;-261.96575927734375;24833.52734375;0;80;0;;0.7998046875;284742;m2;190230;0;
..\..\world\azeroth\stranglethorn\passivedoodads\detail\stranglethornfern03.m2;18580.611328125;-270.2532958984375;24960.888671875;0;181;0;;0.82421875;284779;m2;190230;0;
..\..\world\wmo\dungeon\md_hive\mini-hive_b.wmo;18388.212890625;-284.0808410644531;25023.72265625;0;253.5;0;0;1;310138;wmo;110886;0;Set_$DefaultGlobal
